,Department/Major
No Data,5
Agronomy,2
Electrical and Computer Engineering,2
Mechanical Engineering,1
Industrial & Manufacturing Systems Engr,1
Food Science and Human Nutrition (AGLS),1
Interior Design,1
"Civil, Construction and Environmental Engineering ",1
Chemical & Biological Engineering,1
Mathematics,1
Industrial and Manufacturing Systems Engineering,1
Natural Resource Ecology and Management,1
School of Education,1
"Ecology, Evolution & Organismal Biol",1
Chemistry,1
Center for Agricultural and Rural Development,1
Sociology and Criminal Justice,1
