Department,College
Electrical and Computer Engineering,College of Engineering
"Civil, Construction and Environmental Engineering ",College of Engineering
Mechanical Engineering,College of Engineering
Aerospace Engineering,College of Engineering
Industrial and Manufacturing Systems Engineering,College of Engineering
Chemistry,College of Liberal Arts and Sciences
Mathematics,College of Liberal Arts and Sciences
Food Science & Human Nutrition,College of Human Sciences
Kinesiology,College of Human Sciences
Philosophy & Religious Studies,College of Liberal Arts and Sciences
Agronomy,College of Agriculture and Life Sciences
Horticulture,College of Agriculture and Life Sciences
Veterinary Clinical Sciences,College of Veterinary Medicine
Vet Microbiology & Preventive Medicine,College of Veterinary Medicine
Vet Diagnostic & Production Animal Med,College of Veterinary Medicine
Biomedical Sciences,College of Veterinary Medicine
Business Administration,Ivy College of Business
English,College of Liberal Arts and Sciences
World Languages and Cultures,College of Liberal Arts and Sciences
"Biochemistry, Biophysics & Molec Biology",College of Liberal Arts and Sciences
Plant Pathology/Entomology/Microbiology,College of Agriculture and Life Sciences
Laboratory Animal Resources,N.A.
Natural Resource Ecology and Management,College of Agriculture and Life Sciences
Geological and Atmospheric Sciences,College of Liberal Arts and Sciences
"Business, Ivy College of",Ivy College of Business
Statistics,College of Liberal Arts and Sciences
Institute for Transportation,N.A.
Agricultural and Biosystems Engineering,College of Engineering/College of Agriculture and Life Sciences
"Ecology, Evolution & Organismal Biol",College of Liberal Arts and Sciences/College of Agriculture and Life Sciences
Chemical & Biological Engineering,College of Engineering
Psychology,College of Liberal Arts and Sciences
Political Science,College of Liberal Arts and Sciences
Sociology and Criminal Justice,College of Liberal Arts and Sciences/College of Agriculture and Life Sciences
No Data,No Data
Animal Science,College of Agriculture and Life Sciences
Business Specials (Non-Degree),Ivy College of Business
Greenlee School Journalism/Communication,College of Liberal Arts and Sciences
Microelectronics Research Ctr,N.A.
Human Development & Family Studies,College of Human Sciences
Economics (AGLS),College of Agriculture and Life Sciences
Agricultural Education & Studies,College of Agriculture and Life Sciences
"Genetics, Development & Cell Biology",College of Liberal Arts and Sciences
School of Education,College of Liberal Arts and Sciences
Computer Science,College of Liberal Arts and Sciences
History,College of Liberal Arts and Sciences
Liberal Arts & Sciences Administration,ge of Liberal Arts and Sciences
Center for Excellence in Learn & Teach,N.A.
Architecture,College of Design
"Apparel, Events & Hospitality Mgmt",College of Human Sciences
Bioeconomy Institute,N.A.
Interior Design,College of Design
Engineering Administration,College of Engineering
 Nanovaccine Inst,N.A.
Economics,College of Liberal Arts and Sciences
Physics and Astronomy,College of Liberal Arts and Sciences
Human Development and Family Studies,College of Human Sciences
Materials Science & Engineering,College of Engineering
 US Latino Studies Program,College of Liberal Arts and Sciences
 Counseling Psychol Program,College of Liberal Arts and Sciences
 Coll Human Sci,College of Human Sciences
Iowa State University Library,N.A.
Midwest Grape and Wine Industry Institute,N.A.
Swine Medicine Education Center,College of Veterinary Medicine
Liberal Arts and Sciences Specials (Non-Degree),College of Liberal Arts and Sciences
Ctr for Survey Stat/Methodology,College of Liberal Arts and Sciences
 Interdept Neurosci Program,N.A.
Ctr Stat & Applctn in Forensic Evidence,
Art and Visual Culture,College of Design
Center for Agricultural and Rural Development,College of Agriculture and Life Sciences
 Agronomy,College of Agriculture and Life Sciences
